{"cameraMode":{"drawMode":0,"name":"Shaded","section":"Shading Mode"},"sceneLighting":true,"audioPlay":false,"sceneViewState":{"m_AlwaysRefresh":false,"showFog":true,"showSkybox":true,"showFlares":true,"showImageEffects":true,"showParticleSystems":true,"showVisualEffectGraphs":true,"m_FxEnabled":true},"in2DMode":false,"pivot":{"x":0.7863984107971191,"y":2.010533332824707,"z":-4.129583358764648},"rotation":{"x":0.06594987213611603,"y":0.02123756892979145,"z":-0.001316514564678073,"w":0.9977721571922302},"size":5.405981540679932,"orthographic":false}