{"cameraMode":{"drawMode":0,"name":"Shaded","section":"Shading Mode"},"sceneLighting":true,"audioPlay":false,"sceneViewState":{"m_AlwaysRefresh":false,"showFog":true,"showSkybox":true,"showFlares":true,"showImageEffects":true,"showParticleSystems":true,"showVisualEffectGraphs":true,"m_FxEnabled":true},"in2DMode":false,"pivot":{"x":3.309000015258789,"y":0.953000009059906,"z":0.9399999976158142},"rotation":{"x":0.014172503724694252,"y":0.3260194659233093,"z":0.004910151474177837,"w":-0.9452658295631409},"size":0.25981059670448305,"orthographic":false}