{"cameraMode":{"drawMode":0,"name":"Shaded","section":"Shading Mode"},"sceneLighting":false,"audioPlay":false,"sceneViewState":{"m_AlwaysRefresh":false,"showFog":true,"showSkybox":false,"showFlares":true,"showImageEffects":true,"showParticleSystems":true,"showVisualEffectGraphs":true,"m_FxEnabled":true},"in2DMode":false,"pivot":{"x":0.9103672504425049,"y":2.4585046768188478,"z":-2.8302252292633058},"rotation":{"x":0.16270047426223756,"y":0.03582162410020828,"z":-0.005738955922424793,"w":0.986190676689148},"size":0.2598106861114502,"orthographic":false}